[
  { "href": "/movie-night/movie-library/", "imgSrc": "/movie-flyer-images-coming-soon/anaconda.avif", "movieName": "Anaconda" },
  { "href": "/movie-night/movie-library/", "imgSrc": "/movie-flyer-images-coming-soon/avatar.avif", "movieName": "Avatar: Fire and Ash" },
  { "href": "/movie-night/movie-library/", "imgSrc": "/movie-flyer-images-coming-soon/david.avif", "movieName": "David" },
  { "href": "/movie-night/movie-library/", "imgSrc": "/movie-flyer-images-coming-soon/dust-bunny.avif", "movieName": "Dust Bunny" },
  { "href": "/movie-night/movie-library/", "imgSrc": "/movie-flyer-images-coming-soon/five-nights-at-freddys2.avif", "movieName": "Five Nights at Freddy's 2" },
  { "href": "/movie-night/movie-library/", "imgSrc": "/movie-flyer-images-coming-soon/marty-supreme.avif", "movieName": "Marty Supreme" },
  { "href": "/movie-night/movie-library/", "imgSrc": "/movie-flyer-images-coming-soon/song-sung-blue.avif", "movieName": "Song Sung Blue" },
  { "href": "/movie-night/movie-library/", "imgSrc": "/movie-flyer-images-coming-soon/spongebob.avif", "movieName": "Spongebob" },
  { "href": "/movie-night/movie-library/", "imgSrc": "/movie-flyer-images-coming-soon/the-housemaid.avif", "movieName": "The Housemaid" }
]
